<?xml version="1.0"?>
<CrimeStats><Country name="ENGLAND" proper_name="England"><Region name="north_east" proper_name="North East"><Area name="cleveland" proper_name="Cleveland"><CrimeCatagory name="Total recorded crime - including fraud" type="Totals" total="39522"/><CrimeCatagory name="Total recorded crime - excluding fraud" type="Totals" total="39067"/><CrimeCategory name="Violence against the person" Type="Other crimes against society" total="6370"><Crime name="Homicide">3</Crime><Crime name="Violence with injury">3737</Crime><Crime name="Violence without injury">2630</Crime></CrimeCategory><CrimeCategory name="Sexual offences" Type="Other crimes against society" total="563"/><CrimeCategory name="Robbery" Type="Other crimes against society" total="259"/><CrimeCategory name="Theft offences" Type="Other crimes against society" total="19811"><Crime name="Burglary">4561</Crime><Crime name="Domestic burglary">2054</Crime><Crime name="Non-domestic burglary">2507</Crime><Crime name="Vehicle offences">3329</Crime><Crime name="Theft from the person">372</Crime><Crime name="Bicycle theft">994</Crime><Crime name="Shoplifting">5174</Crime><Crime name="All other theft offences">5381</Crime></CrimeCategory><CrimeCategory name="Criminal damage and arson" Type="Other crimes against society" total="7934"/><CrimeCategory name="Drug offences" Type="Other crimes against society" total="2116"/><CrimeCategory name="Possession of weapons offences" Type="Other crimes against society" total="267"/><CrimeCategory name="Public order offences" Type="Other crimes against society" total="1342"/><CrimeCategory name="Miscellaneous crimes against society" Type="Other crimes against society" total="405"/><CrimeCategory name="Fraud" Type="Other crimes against society" total="455"/></Area><Area name="durham" proper_name="Durham"><CrimeCatagory name="Total recorded crime - including fraud" type="Totals" total="29974"/><CrimeCatagory name="Total recorded crime - excluding fraud" type="Totals" total="29669"/><CrimeCategory name="Violence against the person" Type="Other crimes against society" total="4287"><Crime name="Homicide">6</Crime><Crime name="Violence with injury">2420</Crime><Crime name="Violence without injury">1861</Crime></CrimeCategory><CrimeCategory name="Sexual offences" Type="Other crimes against society" total="360"/><CrimeCategory name="Robbery" Type="Other crimes against society" total="108"/><CrimeCategory name="Theft offences" Type="Other crimes against society" total="15009"><Crime name="Burglary">3983</Crime><Crime name="Domestic burglary">1385</Crime><Crime name="Non-domestic burglary">2598</Crime><Crime name="Vehicle offences">3355</Crime><Crime name="Theft from the person">149</Crime><Crime name="Bicycle theft">595</Crime><Crime name="Shoplifting">2827</Crime><Crime name="All other theft offences">4100</Crime></CrimeCategory><CrimeCategory name="Criminal damage and arson" Type="Other crimes against society" total="6752"/><CrimeCategory name="Drug offences" Type="Other crimes against society" total="1281"/><CrimeCategory name="Possession of weapons offences" Type="Other crimes against society" total="218"/><CrimeCategory name="Public order offences" Type="Other crimes against society" total="1178"/><CrimeCategory name="Miscellaneous crimes against society" Type="Other crimes against society" total="476"/><CrimeCategory name="Fraud" Type="Other crimes against society" total="305"/></Area><Area name="northumbria" proper_name="Northumbria"><CrimeCatagory name="Total recorded crime - including fraud" type="Totals" total="69486"/><CrimeCatagory name="Total recorded crime - excluding fraud" type="Totals" total="68575"/><CrimeCategory name="Violence against the person" Type="Other crimes against society" total="9186"><Crime name="Homicide">17</Crime><Crime name="Violence with injury">6008</Crime><Crime name="Violence without injury">3161</Crime></CrimeCategory><CrimeCategory name="Sexual offences" Type="Other crimes against society" total="914"/><CrimeCategory name="Robbery" Type="Other crimes against society" total="465"/><CrimeCategory name="Theft offences" Type="Other crimes against society" total="34506"><Crime name="Burglary">8514</Crime><Crime name="Domestic burglary">3322</Crime><Crime name="Non-domestic burglary">5192</Crime><Crime name="Vehicle offences">6105</Crime><Crime name="Theft from the person">1076</Crime><Crime name="Bicycle theft">1913</Crime><Crime name="Shoplifting">8678</Crime><Crime name="All other theft offences">8220</Crime></CrimeCategory><CrimeCategory name="Criminal damage and arson" Type="Other crimes against society" total="14193"/><CrimeCategory name="Drug offences" Type="Other crimes against society" total="4730"/><CrimeCategory name="Possession of weapons offences" Type="Other crimes against society" total="633"/><CrimeCategory name="Public order offences" Type="Other crimes against society" total="2844"/><CrimeCategory name="Miscellaneous crimes against society" Type="Other crimes against society" total="1104"/><CrimeCategory name="Fraud" Type="Other crimes against society" total="911"/></Area></Region><Region name="north_west" proper_name="North West"><Area name="cheshire" proper_name="Cheshire"><CrimeCatagory name="Total recorded crime - including fraud" type="Totals" total="57908"/><CrimeCatagory name="Total recorded crime - excluding fraud" type="Totals" total="56685"/><CrimeCategory name="Violence against the person" Type="Other crimes against society" total="10882"><Crime name="Homicide">5</Crime><Crime name="Violence with injury">4889</Crime><Crime name="Violence without injury">5988</Crime></CrimeCategory><CrimeCategory name="Sexual offences" Type="Other crimes against society" total="880"/><CrimeCategory name="Robbery" Type="Other crimes against society" total="321"/><CrimeCategory name="Theft offences" Type="Other crimes against society" total="28840"><Crime name="Burglary">6884</Crime><Crime name="Domestic burglary">2895</Crime><Crime name="Non-domestic burglary">3989</Crime><Crime name="Vehicle offences">5706</Crime><Crime name="Theft from the person">954</Crime><Crime name="Bicycle theft">1793</Crime><Crime name="Shoplifting">6580</Crime><Crime name="All other theft offences">6923</Crime></CrimeCategory><CrimeCategory name="Criminal damage and arson" Type="Other crimes against society" total="9976"/><CrimeCategory name="Drug offences" Type="Other crimes against society" total="2825"/><CrimeCategory name="Possession of weapons offences" Type="Other crimes against society" total="260"/><CrimeCategory name="Public order offences" Type="Other crimes against society" total="2123"/><CrimeCategory name="Miscellaneous crimes against society" Type="Other crimes against society" total="578"/><CrimeCategory name="Fraud" Type="Other crimes against society" total="1223"/></Area><Area name="cumbria" proper_name="Cumbria"><CrimeCatagory name="Total recorded crime - including fraud" type="Totals" total="23286"/><CrimeCatagory name="Total recorded crime - excluding fraud" type="Totals" total="22970"/><CrimeCategory name="Violence against the person" Type="Other crimes against society" total="4454"><Crime name="Homicide">6</Crime><Crime name="Violence with injury">2331</Crime><Crime name="Violence without injury">2117</Crime></CrimeCategory><CrimeCategory name="Sexual offences" Type="Other crimes against society" total="371"/><CrimeCategory name="Robbery" Type="Other crimes against society" total="58"/><CrimeCategory name="Theft offences" Type="Other crimes against society" total="9784"><Crime name="Burglary">2297</Crime><Crime name="Domestic burglary">678</Crime><Crime name="Non-domestic burglary">1619</Crime><Crime name="Vehicle offences">1571</Crime><Crime name="Theft from the person">137</Crime><Crime name="Bicycle theft">432</Crime><Crime name="Shoplifting">2459</Crime><Crime name="All other theft offences">2888</Crime></CrimeCategory><CrimeCategory name="Criminal damage and arson" Type="Other crimes against society" total="5290"/><CrimeCategory name="Drug offences" Type="Other crimes against society" total="1531"/><CrimeCategory name="Possession of weapons offences" Type="Other crimes against society" total="143"/><CrimeCategory name="Public order offences" Type="Other crimes against society" total="1008"/><CrimeCategory name="Miscellaneous crimes against society" Type="Other crimes against society" total="331"/><CrimeCategory name="Fraud" Type="Other crimes against society" total="316"/></Area><Area name="greater_manchester" proper_name="Greater Manchester"><CrimeCatagory name="Total recorded crime - including fraud" type="Totals" total="178857"/><CrimeCatagory name="Total recorded crime - excluding fraud" type="Totals" total="176276"/><CrimeCategory name="Violence against the person" Type="Other crimes against society" total="27933"><Crime name="Homicide">36</Crime><Crime name="Violence with injury">14293</Crime><Crime name="Violence without injury">13604</Crime></CrimeCategory><CrimeCategory name="Sexual offences" Type="Other crimes against society" total="2940"/><CrimeCategory name="Robbery" Type="Other crimes against society" total="3898"/><CrimeCategory name="Theft offences" Type="Other crimes against society" total="94336"><Crime name="Burglary">28363</Crime><Crime name="Domestic burglary">15348</Crime><Crime name="Non-domestic burglary">13015</Crime><Crime name="Vehicle offences">20700</Crime><Crime name="Theft from the person">5456</Crime><Crime name="Bicycle theft">4518</Crime><Crime name="Shoplifting">13889</Crime><Crime name="All other theft offences">21410</Crime></CrimeCategory><CrimeCategory name="Criminal damage and arson" Type="Other crimes against society" total="28765"/><CrimeCategory name="Drug offences" Type="Other crimes against society" total="9004"/><CrimeCategory name="Possession of weapons offences" Type="Other crimes against society" total="1063"/><CrimeCategory name="Public order offences" Type="Other crimes against society" total="6431"/><CrimeCategory name="Miscellaneous crimes against society" Type="Other crimes against society" total="1906"/><CrimeCategory name="Fraud" Type="Other crimes against society" total="2581"/></Area><Area name="lancashire" proper_name="Lancashire"><CrimeCatagory name="Total recorded crime - including fraud" type="Totals" total="93427"/><CrimeCatagory name="Total recorded crime - excluding fraud" type="Totals" total="91604"/><CrimeCategory name="Violence against the person" Type="Other crimes against society" total="18562"><Crime name="Homicide">14</Crime><Crime name="Violence with injury">10654</Crime><Crime name="Violence without injury">7894</Crime></CrimeCategory><CrimeCategory name="Sexual offences" Type="Other crimes against society" total="1738"/><CrimeCategory name="Robbery" Type="Other crimes against society" total="626"/><CrimeCategory name="Theft offences" Type="Other crimes against society" total="46045"><Crime name="Burglary">11856</Crime><Crime name="Domestic burglary">4321</Crime><Crime name="Non-domestic burglary">7535</Crime><Crime name="Vehicle offences">8527</Crime><Crime name="Theft from the person">958</Crime><Crime name="Bicycle theft">2135</Crime><Crime name="Shoplifting">8286</Crime><Crime name="All other theft offences">14283</Crime></CrimeCategory><CrimeCategory name="Criminal damage and arson" Type="Other crimes against society" total="16589"/><CrimeCategory name="Drug offences" Type="Other crimes against society" total="3961"/><CrimeCategory name="Possession of weapons offences" Type="Other crimes against society" total="514"/><CrimeCategory name="Public order offences" Type="Other crimes against society" total="2618"/><CrimeCategory name="Miscellaneous crimes against society" Type="Other crimes against society" total="951"/><CrimeCategory name="Fraud" Type="Other crimes against society" total="1823"/></Area><Area name="merseyside" proper_name="Merseyside"><CrimeCatagory name="Total recorded crime - including fraud" type="Totals" total="90945"/><CrimeCatagory name="Total recorded crime - excluding fraud" type="Totals" total="89316"/><CrimeCategory name="Violence against the person" Type="Other crimes against society" total="11323"><Crime name="Homicide">12</Crime><Crime name="Violence with injury">6536</Crime><Crime name="Violence without injury">4775</Crime></CrimeCategory><CrimeCategory name="Sexual offences" Type="Other crimes against society" total="1338"/><CrimeCategory name="Robbery" Type="Other crimes against society" total="1223"/><CrimeCategory name="Theft offences" Type="Other crimes against society" total="43482"><Crime name="Burglary">11574</Crime><Crime name="Domestic burglary">6419</Crime><Crime name="Non-domestic burglary">5155</Crime><Crime name="Vehicle offences">8668</Crime><Crime name="Theft from the person">2518</Crime><Crime name="Bicycle theft">1692</Crime><Crime name="Shoplifting">9180</Crime><Crime name="All other theft offences">9850</Crime></CrimeCategory><CrimeCategory name="Criminal damage and arson" Type="Other crimes against society" total="17013"/><CrimeCategory name="Drug offences" Type="Other crimes against society" total="10169"/><CrimeCategory name="Possession of weapons offences" Type="Other crimes against society" total="663"/><CrimeCategory name="Public order offences" Type="Other crimes against society" total="3149"/><CrimeCategory name="Miscellaneous crimes against society" Type="Other crimes against society" total="956"/><CrimeCategory name="Fraud" Type="Other crimes against society" total="1629"/></Area></Region><Region name="yorkshire_and_humber" proper_name="Yorkshire and Humber"><Area name="humberside" proper_name="Humberside"><CrimeCatagory name="Total recorded crime - including fraud" type="Totals" total="64707"/><CrimeCatagory name="Total recorded crime - excluding fraud" type="Totals" total="63492"/><CrimeCategory name="Violence against the person" Type="Other crimes against society" total="11461"><Crime name="Homicide">6</Crime><Crime name="Violence with injury">6811</Crime><Crime name="Violence without injury">4644</Crime></CrimeCategory><CrimeCategory name="Sexual offences" Type="Other crimes against society" total="1219"/><CrimeCategory name="Robbery" Type="Other crimes against society" total="479"/><CrimeCategory name="Theft offences" Type="Other crimes against society" total="33016"><Crime name="Burglary">10120</Crime><Crime name="Domestic burglary">3832</Crime><Crime name="Non-domestic burglary">6288</Crime><Crime name="Vehicle offences">4834</Crime><Crime name="Theft from the person">581</Crime><Crime name="Bicycle theft">2332</Crime><Crime name="Shoplifting">6844</Crime><Crime name="All other theft offences">8305</Crime></CrimeCategory><CrimeCategory name="Criminal damage and arson" Type="Other crimes against society" total="11020"/><CrimeCategory name="Drug offences" Type="Other crimes against society" total="2459"/><CrimeCategory name="Possession of weapons offences" Type="Other crimes against society" total="277"/><CrimeCategory name="Public order offences" Type="Other crimes against society" total="2723"/><CrimeCategory name="Miscellaneous crimes against society" Type="Other crimes against society" total="838"/><CrimeCategory name="Fraud" Type="Other crimes against society" total="1215"/></Area><Area name="north_yorkshire" proper_name="North Yorkshire"><CrimeCatagory name="Total recorded crime - including fraud" type="Totals" total="34801"/><CrimeCatagory name="Total recorded crime - excluding fraud" type="Totals" total="33901"/><CrimeCategory name="Violence against the person" Type="Other crimes against society" total="6009"><Crime name="Homicide">5</Crime><Crime name="Violence with injury">3548</Crime><Crime name="Violence without injury">2456</Crime></CrimeCategory><CrimeCategory name="Sexual offences" Type="Other crimes against society" total="666"/><CrimeCategory name="Robbery" Type="Other crimes against society" total="123"/><CrimeCategory name="Theft offences" Type="Other crimes against society" total="17605"><Crime name="Burglary">4313</Crime><Crime name="Domestic burglary">1619</Crime><Crime name="Non-domestic burglary">2694</Crime><Crime name="Vehicle offences">2689</Crime><Crime name="Theft from the person">477</Crime><Crime name="Bicycle theft">1179</Crime><Crime name="Shoplifting">3722</Crime><Crime name="All other theft offences">5225</Crime></CrimeCategory><CrimeCategory name="Criminal damage and arson" Type="Other crimes against society" total="5867"/><CrimeCategory name="Drug offences" Type="Other crimes against society" total="1862"/><CrimeCategory name="Possession of weapons offences" Type="Other crimes against society" total="178"/><CrimeCategory name="Public order offences" Type="Other crimes against society" total="1121"/><CrimeCategory name="Miscellaneous crimes against society" Type="Other crimes against society" total="470"/><CrimeCategory name="Fraud" Type="Other crimes against society" total="900"/></Area><Area name="south_yorkshire" proper_name="South Yorkshire"><CrimeCatagory name="Total recorded crime - including fraud" type="Totals" total="93116"/><CrimeCatagory name="Total recorded crime - excluding fraud" type="Totals" total="91437"/><CrimeCategory name="Violence against the person" Type="Other crimes against society" total="10450"><Crime name="Homicide">18</Crime><Crime name="Violence with injury">7313</Crime><Crime name="Violence without injury">3119</Crime></CrimeCategory><CrimeCategory name="Sexual offences" Type="Other crimes against society" total="903"/><CrimeCategory name="Robbery" Type="Other crimes against society" total="964"/><CrimeCategory name="Theft offences" Type="Other crimes against society" total="54647"><Crime name="Burglary">16661</Crime><Crime name="Domestic burglary">8206</Crime><Crime name="Non-domestic burglary">8455</Crime><Crime name="Vehicle offences">12439</Crime><Crime name="Theft from the person">1805</Crime><Crime name="Bicycle theft">1448</Crime><Crime name="Shoplifting">9680</Crime><Crime name="All other theft offences">12614</Crime></CrimeCategory><CrimeCategory name="Criminal damage and arson" Type="Other crimes against society" total="16644"/><CrimeCategory name="Drug offences" Type="Other crimes against society" total="4401"/><CrimeCategory name="Possession of weapons offences" Type="Other crimes against society" total="505"/><CrimeCategory name="Public order offences" Type="Other crimes against society" total="2029"/><CrimeCategory name="Miscellaneous crimes against society" Type="Other crimes against society" total="894"/><CrimeCategory name="Fraud" Type="Other crimes against society" total="1679"/></Area><Area name="west_yorkshire" proper_name="West Yorkshire"><CrimeCatagory name="Total recorded crime - including fraud" type="Totals" total="163746"/><CrimeCatagory name="Total recorded crime - excluding fraud" type="Totals" total="159879"/><CrimeCategory name="Violence against the person" Type="Other crimes against society" total="21480"><Crime name="Homicide">15</Crime><Crime name="Violence with injury">11737</Crime><Crime name="Violence without injury">9728</Crime></CrimeCategory><CrimeCategory name="Sexual offences" Type="Other crimes against society" total="2684"/><CrimeCategory name="Robbery" Type="Other crimes against society" total="1974"/><CrimeCategory name="Theft offences" Type="Other crimes against society" total="93721"><Crime name="Burglary">26608</Crime><Crime name="Domestic burglary">12969</Crime><Crime name="Non-domestic burglary">13639</Crime><Crime name="Vehicle offences">21577</Crime><Crime name="Theft from the person">4993</Crime><Crime name="Bicycle theft">2109</Crime><Crime name="Shoplifting">14052</Crime><Crime name="All other theft offences">24382</Crime></CrimeCategory><CrimeCategory name="Criminal damage and arson" Type="Other crimes against society" total="25654"/><CrimeCategory name="Drug offences" Type="Other crimes against society" total="6798"/><CrimeCategory name="Possession of weapons offences" Type="Other crimes against society" total="689"/><CrimeCategory name="Public order offences" Type="Other crimes against society" total="4673"/><CrimeCategory name="Miscellaneous crimes against society" Type="Other crimes against society" total="2206"/><CrimeCategory name="Fraud" Type="Other crimes against society" total="3867"/></Area></Region><Region name="east_midlands" proper_name="East Midlands"><Area name="derbyshire" proper_name="Derbyshire"><CrimeCatagory name="Total recorded crime - including fraud" type="Totals" total="51749"/><CrimeCatagory name="Total recorded crime - excluding fraud" type="Totals" total="50970"/><CrimeCategory name="Violence against the person" Type="Other crimes against society" total="9529"><Crime name="Homicide">3</Crime><Crime name="Violence with injury">5220</Crime><Crime name="Violence without injury">4306</Crime></CrimeCategory><CrimeCategory name="Sexual offences" Type="Other crimes against society" total="840"/><CrimeCategory name="Robbery" Type="Other crimes against society" total="540"/><CrimeCategory name="Theft offences" Type="Other crimes against society" total="26478"><Crime name="Burglary">7279</Crime><Crime name="Domestic burglary">2868</Crime><Crime name="Non-domestic burglary">4411</Crime><Crime name="Vehicle offences">5420</Crime><Crime name="Theft from the person">673</Crime><Crime name="Bicycle theft">1199</Crime><Crime name="Shoplifting">5090</Crime><Crime name="All other theft offences">6817</Crime></CrimeCategory><CrimeCategory name="Criminal damage and arson" Type="Other crimes against society" total="8855"/><CrimeCategory name="Drug offences" Type="Other crimes against society" total="2651"/><CrimeCategory name="Possession of weapons offences" Type="Other crimes against society" total="277"/><CrimeCategory name="Public order offences" Type="Other crimes against society" total="1183"/><CrimeCategory name="Miscellaneous crimes against society" Type="Other crimes against society" total="617"/><CrimeCategory name="Fraud" Type="Other crimes against society" total="779"/></Area><Area name="leicestershire" proper_name="Leicestershire"><CrimeCatagory name="Total recorded crime - including fraud" type="Totals" total="58472"/><CrimeCatagory name="Total recorded crime - excluding fraud" type="Totals" total="57352"/><CrimeCategory name="Violence against the person" Type="Other crimes against society" total="10157"><Crime name="Homicide">10</Crime><Crime name="Violence with injury">4442</Crime><Crime name="Violence without injury">5705</Crime></CrimeCategory><CrimeCategory name="Sexual offences" Type="Other crimes against society" total="1024"/><CrimeCategory name="Robbery" Type="Other crimes against society" total="705"/><CrimeCategory name="Theft offences" Type="Other crimes against society" total="30428"><Crime name="Burglary">7161</Crime><Crime name="Domestic burglary">3743</Crime><Crime name="Non-domestic burglary">3418</Crime><Crime name="Vehicle offences">6516</Crime><Crime name="Theft from the person">1388</Crime><Crime name="Bicycle theft">2167</Crime><Crime name="Shoplifting">5541</Crime><Crime name="All other theft offences">7655</Crime></CrimeCategory><CrimeCategory name="Criminal damage and arson" Type="Other crimes against society" total="9430"/><CrimeCategory name="Drug offences" Type="Other crimes against society" total="2223"/><CrimeCategory name="Possession of weapons offences" Type="Other crimes against society" total="297"/><CrimeCategory name="Public order offences" Type="Other crimes against society" total="2342"/><CrimeCategory name="Miscellaneous crimes against society" Type="Other crimes against society" total="746"/><CrimeCategory name="Fraud" Type="Other crimes against society" total="1120"/></Area><Area name="lincolnshire" proper_name="Lincolnshire"><CrimeCatagory name="Total recorded crime - including fraud" type="Totals" total="37023"/><CrimeCatagory name="Total recorded crime - excluding fraud" type="Totals" total="36527"/><CrimeCategory name="Violence against the person" Type="Other crimes against society" total="5620"><Crime name="Homicide">6</Crime><Crime name="Violence with injury">2999</Crime><Crime name="Violence without injury">2615</Crime></CrimeCategory><CrimeCategory name="Sexual offences" Type="Other crimes against society" total="579"/><CrimeCategory name="Robbery" Type="Other crimes against society" total="172"/><CrimeCategory name="Theft offences" Type="Other crimes against society" total="20428"><Crime name="Burglary">5386</Crime><Crime name="Domestic burglary">1932</Crime><Crime name="Non-domestic burglary">3454</Crime><Crime name="Vehicle offences">3316</Crime><Crime name="Theft from the person">400</Crime><Crime name="Bicycle theft">1466</Crime><Crime name="Shoplifting">4645</Crime><Crime name="All other theft offences">5215</Crime></CrimeCategory><CrimeCategory name="Criminal damage and arson" Type="Other crimes against society" total="6026"/><CrimeCategory name="Drug offences" Type="Other crimes against society" total="1541"/><CrimeCategory name="Possession of weapons offences" Type="Other crimes against society" total="250"/><CrimeCategory name="Public order offences" Type="Other crimes against society" total="1357"/><CrimeCategory name="Miscellaneous crimes against society" Type="Other crimes against society" total="554"/><CrimeCategory name="Fraud" Type="Other crimes against society" total="496"/></Area><Area name="northamptonshire" proper_name="Northamptonshire"><CrimeCatagory name="Total recorded crime - including fraud" type="Totals" total="45273"/><CrimeCatagory name="Total recorded crime - excluding fraud" type="Totals" total="44330"/><CrimeCategory name="Violence against the person" Type="Other crimes against society" total="7882"><Crime name="Homicide">6</Crime><Crime name="Violence with injury">4001</Crime><Crime name="Violence without injury">3875</Crime></CrimeCategory><CrimeCategory name="Sexual offences" Type="Other crimes against society" total="758"/><CrimeCategory name="Robbery" Type="Other crimes against society" total="596"/><CrimeCategory name="Theft offences" Type="Other crimes against society" total="23626"><Crime name="Burglary">6459</Crime><Crime name="Domestic burglary">3144</Crime><Crime name="Non-domestic burglary">3315</Crime><Crime name="Vehicle offences">5342</Crime><Crime name="Theft from the person">1167</Crime><Crime name="Bicycle theft">898</Crime><Crime name="Shoplifting">4468</Crime><Crime name="All other theft offences">5292</Crime></CrimeCategory><CrimeCategory name="Criminal damage and arson" Type="Other crimes against society" total="7966"/><CrimeCategory name="Drug offences" Type="Other crimes against society" total="1798"/><CrimeCategory name="Possession of weapons offences" Type="Other crimes against society" total="247"/><CrimeCategory name="Public order offences" Type="Other crimes against society" total="953"/><CrimeCategory name="Miscellaneous crimes against society" Type="Other crimes against society" total="504"/><CrimeCategory name="Fraud" Type="Other crimes against society" total="943"/></Area><Area name="nottinghamshire" proper_name="Nottinghamshire"><CrimeCatagory name="Total recorded crime - including fraud" type="Totals" total="68777"/><CrimeCatagory name="Total recorded crime - excluding fraud" type="Totals" total="67950"/><CrimeCategory name="Violence against the person" Type="Other crimes against society" total="13217"><Crime name="Homicide">14</Crime><Crime name="Violence with injury">7106</Crime><Crime name="Violence without injury">6097</Crime></CrimeCategory><CrimeCategory name="Sexual offences" Type="Other crimes against society" total="1020"/><CrimeCategory name="Robbery" Type="Other crimes against society" total="1005"/><CrimeCategory name="Theft offences" Type="Other crimes against society" total="35186"><Crime name="Burglary">8606</Crime><Crime name="Domestic burglary">4353</Crime><Crime name="Non-domestic burglary">4253</Crime><Crime name="Vehicle offences">6893</Crime><Crime name="Theft from the person">1980</Crime><Crime name="Bicycle theft">1955</Crime><Crime name="Shoplifting">7138</Crime><Crime name="All other theft offences">8614</Crime></CrimeCategory><CrimeCategory name="Criminal damage and arson" Type="Other crimes against society" total="10662"/><CrimeCategory name="Drug offences" Type="Other crimes against society" total="3814"/><CrimeCategory name="Possession of weapons offences" Type="Other crimes against society" total="472"/><CrimeCategory name="Public order offences" Type="Other crimes against society" total="1793"/><CrimeCategory name="Miscellaneous crimes against society" Type="Other crimes against society" total="781"/><CrimeCategory name="Fraud" Type="Other crimes against society" total="827"/></Area></Region><Region name="west_midlands" proper_name="West Midlands"><Area name="staffordshire" proper_name="Staffordshire"><CrimeCatagory name="Total recorded crime - including fraud" type="Totals" total="58897"/><CrimeCatagory name="Total recorded crime - excluding fraud" type="Totals" total="57493"/><CrimeCategory name="Violence against the person" Type="Other crimes against society" total="13299"><Crime name="Homicide">4</Crime><Crime name="Violence with injury">6982</Crime><Crime name="Violence without injury">6313</Crime></CrimeCategory><CrimeCategory name="Sexual offences" Type="Other crimes against society" total="1171"/><CrimeCategory name="Robbery" Type="Other crimes against society" total="485"/><CrimeCategory name="Theft offences" Type="Other crimes against society" total="25557"><Crime name="Burglary">6634</Crime><Crime name="Domestic burglary">2712</Crime><Crime name="Non-domestic burglary">3922</Crime><Crime name="Vehicle offences">4741</Crime><Crime name="Theft from the person">486</Crime><Crime name="Bicycle theft">894</Crime><Crime name="Shoplifting">5148</Crime><Crime name="All other theft offences">7654</Crime></CrimeCategory><CrimeCategory name="Criminal damage and arson" Type="Other crimes against society" total="10410"/><CrimeCategory name="Drug offences" Type="Other crimes against society" total="3549"/><CrimeCategory name="Possession of weapons offences" Type="Other crimes against society" total="320"/><CrimeCategory name="Public order offences" Type="Other crimes against society" total="1825"/><CrimeCategory name="Miscellaneous crimes against society" Type="Other crimes against society" total="877"/><CrimeCategory name="Fraud" Type="Other crimes against society" total="1404"/></Area><Area name="warwickshire" proper_name="Warwickshire"><CrimeCatagory name="Total recorded crime - including fraud" type="Totals" total="29223"/><CrimeCatagory name="Total recorded crime - excluding fraud" type="Totals" total="28751"/><CrimeCategory name="Violence against the person" Type="Other crimes against society" total="4178"><Crime name="Homicide">1</Crime><Crime name="Violence with injury">2600</Crime><Crime name="Violence without injury">1577</Crime></CrimeCategory><CrimeCategory name="Sexual offences" Type="Other crimes against society" total="481"/><CrimeCategory name="Robbery" Type="Other crimes against society" total="253"/><CrimeCategory name="Theft offences" Type="Other crimes against society" total="16745"><Crime name="Burglary">4290</Crime><Crime name="Domestic burglary">1855</Crime><Crime name="Non-domestic burglary">2435</Crime><Crime name="Vehicle offences">4185</Crime><Crime name="Theft from the person">290</Crime><Crime name="Bicycle theft">722</Crime><Crime name="Shoplifting">2211</Crime><Crime name="All other theft offences">5047</Crime></CrimeCategory><CrimeCategory name="Criminal damage and arson" Type="Other crimes against society" total="4500"/><CrimeCategory name="Drug offences" Type="Other crimes against society" total="1427"/><CrimeCategory name="Possession of weapons offences" Type="Other crimes against society" total="126"/><CrimeCategory name="Public order offences" Type="Other crimes against society" total="724"/><CrimeCategory name="Miscellaneous crimes against society" Type="Other crimes against society" total="317"/><CrimeCategory name="Fraud" Type="Other crimes against society" total="472"/></Area><Area name="west_mercia" proper_name="West Mercia"><CrimeCatagory name="Total recorded crime - including fraud" type="Totals" total="59209"/><CrimeCatagory name="Total recorded crime - excluding fraud" type="Totals" total="58239"/><CrimeCategory name="Violence against the person" Type="Other crimes against society" total="11262"><Crime name="Homicide">16</Crime><Crime name="Violence with injury">6336</Crime><Crime name="Violence without injury">4910</Crime></CrimeCategory><CrimeCategory name="Sexual offences" Type="Other crimes against society" total="1228"/><CrimeCategory name="Robbery" Type="Other crimes against society" total="379"/><CrimeCategory name="Theft offences" Type="Other crimes against society" total="29572"><Crime name="Burglary">7536</Crime><Crime name="Domestic burglary">2588</Crime><Crime name="Non-domestic burglary">4948</Crime><Crime name="Vehicle offences">5908</Crime><Crime name="Theft from the person">568</Crime><Crime name="Bicycle theft">1336</Crime><Crime name="Shoplifting">5895</Crime><Crime name="All other theft offences">8329</Crime></CrimeCategory><CrimeCategory name="Criminal damage and arson" Type="Other crimes against society" total="9413"/><CrimeCategory name="Drug offences" Type="Other crimes against society" total="3140"/><CrimeCategory name="Possession of weapons offences" Type="Other crimes against society" total="335"/><CrimeCategory name="Public order offences" Type="Other crimes against society" total="2040"/><CrimeCategory name="Miscellaneous crimes against society" Type="Other crimes against society" total="870"/><CrimeCategory name="Fraud" Type="Other crimes against society" total="970"/></Area><Area name="west_midlands" proper_name="West Midlands"><CrimeCatagory name="Total recorded crime - including fraud" type="Totals" total="171311"/><CrimeCatagory name="Total recorded crime - excluding fraud" type="Totals" total="166870"/><CrimeCategory name="Violence against the person" Type="Other crimes against society" total="30387"><Crime name="Homicide">42</Crime><Crime name="Violence with injury">18087</Crime><Crime name="Violence without injury">12258</Crime></CrimeCategory><CrimeCategory name="Sexual offences" Type="Other crimes against society" total="2786"/><CrimeCategory name="Robbery" Type="Other crimes against society" total="5364"/><CrimeCategory name="Theft offences" Type="Other crimes against society" total="86242"><Crime name="Burglary">24249</Crime><Crime name="Domestic burglary">13365</Crime><Crime name="Non-domestic burglary">10884</Crime><Crime name="Vehicle offences">23093</Crime><Crime name="Theft from the person">3689</Crime><Crime name="Bicycle theft">3026</Crime><Crime name="Shoplifting">14703</Crime><Crime name="All other theft offences">17482</Crime></CrimeCategory><CrimeCategory name="Criminal damage and arson" Type="Other crimes against society" total="24885"/><CrimeCategory name="Drug offences" Type="Other crimes against society" total="8132"/><CrimeCategory name="Possession of weapons offences" Type="Other crimes against society" total="1222"/><CrimeCategory name="Public order offences" Type="Other crimes against society" total="5642"/><CrimeCategory name="Miscellaneous crimes against society" Type="Other crimes against society" total="2210"/><CrimeCategory name="Fraud" Type="Other crimes against society" total="4441"/></Area></Region><Region name="east_of_england" proper_name="East of England"><Area name="bedfordshire" proper_name="Bedfordshire"><CrimeCatagory name="Total recorded crime - including fraud" type="Totals" total="35453"/><CrimeCatagory name="Total recorded crime - excluding fraud" type="Totals" total="34937"/><CrimeCategory name="Violence against the person" Type="Other crimes against society" total="5977"><Crime name="Homicide">7</Crime><Crime name="Violence with injury">3103</Crime><Crime name="Violence without injury">2867</Crime></CrimeCategory><CrimeCategory name="Sexual offences" Type="Other crimes against society" total="481"/><CrimeCategory name="Robbery" Type="Other crimes against society" total="615"/><CrimeCategory name="Theft offences" Type="Other crimes against society" total="18693"><Crime name="Burglary">4960</Crime><Crime name="Domestic burglary">2885</Crime><Crime name="Non-domestic burglary">2075</Crime><Crime name="Vehicle offences">4510</Crime><Crime name="Theft from the person">561</Crime><Crime name="Bicycle theft">983</Crime><Crime name="Shoplifting">3198</Crime><Crime name="All other theft offences">4481</Crime></CrimeCategory><CrimeCategory name="Criminal damage and arson" Type="Other crimes against society" total="5746"/><CrimeCategory name="Drug offences" Type="Other crimes against society" total="1542"/><CrimeCategory name="Possession of weapons offences" Type="Other crimes against society" total="264"/><CrimeCategory name="Public order offences" Type="Other crimes against society" total="1128"/><CrimeCategory name="Miscellaneous crimes against society" Type="Other crimes against society" total="491"/><CrimeCategory name="Fraud" Type="Other crimes against society" total="516"/></Area><Area name="cambridgeshire" proper_name="Cambridgeshire"><CrimeCatagory name="Total recorded crime - including fraud" type="Totals" total="45091"/><CrimeCatagory name="Total recorded crime - excluding fraud" type="Totals" total="43995"/><CrimeCategory name="Violence against the person" Type="Other crimes against society" total="6170"><Crime name="Homicide">9</Crime><Crime name="Violence with injury">2873</Crime><Crime name="Violence without injury">3288</Crime></CrimeCategory><CrimeCategory name="Sexual offences" Type="Other crimes against society" total="672"/><CrimeCategory name="Robbery" Type="Other crimes against society" total="332"/><CrimeCategory name="Theft offences" Type="Other crimes against society" total="25537"><Crime name="Burglary">5501</Crime><Crime name="Domestic burglary">2573</Crime><Crime name="Non-domestic burglary">2928</Crime><Crime name="Vehicle offences">4483</Crime><Crime name="Theft from the person">985</Crime><Crime name="Bicycle theft">3611</Crime><Crime name="Shoplifting">4442</Crime><Crime name="All other theft offences">6515</Crime></CrimeCategory><CrimeCategory name="Criminal damage and arson" Type="Other crimes against society" total="6406"/><CrimeCategory name="Drug offences" Type="Other crimes against society" total="2874"/><CrimeCategory name="Possession of weapons offences" Type="Other crimes against society" total="217"/><CrimeCategory name="Public order offences" Type="Other crimes against society" total="1281"/><CrimeCategory name="Miscellaneous crimes against society" Type="Other crimes against society" total="506"/><CrimeCategory name="Fraud" Type="Other crimes against society" total="1096"/></Area><Area name="essex" proper_name="Essex"><CrimeCatagory name="Total recorded crime - including fraud" type="Totals" total="99741"/><CrimeCatagory name="Total recorded crime - excluding fraud" type="Totals" total="97916"/><CrimeCategory name="Violence against the person" Type="Other crimes against society" total="17915"><Crime name="Homicide">20</Crime><Crime name="Violence with injury">8829</Crime><Crime name="Violence without injury">9066</Crime></CrimeCategory><CrimeCategory name="Sexual offences" Type="Other crimes against society" total="1527"/><CrimeCategory name="Robbery" Type="Other crimes against society" total="1172"/><CrimeCategory name="Theft offences" Type="Other crimes against society" total="53708"><Crime name="Burglary">14367</Crime><Crime name="Domestic burglary">7874</Crime><Crime name="Non-domestic burglary">6493</Crime><Crime name="Vehicle offences">12856</Crime><Crime name="Theft from the person">1699</Crime><Crime name="Bicycle theft">2248</Crime><Crime name="Shoplifting">9274</Crime><Crime name="All other theft offences">13264</Crime></CrimeCategory><CrimeCategory name="Criminal damage and arson" Type="Other crimes against society" total="14309"/><CrimeCategory name="Drug offences" Type="Other crimes against society" total="4122"/><CrimeCategory name="Possession of weapons offences" Type="Other crimes against society" total="832"/><CrimeCategory name="Public order offences" Type="Other crimes against society" total="3203"/><CrimeCategory name="Miscellaneous crimes against society" Type="Other crimes against society" total="1128"/><CrimeCategory name="Fraud" Type="Other crimes against society" total="1825"/></Area><Area name="hertfordshire" proper_name="Hertfordshire"><CrimeCatagory name="Total recorded crime - including fraud" type="Totals" total="51868"/><CrimeCatagory name="Total recorded crime - excluding fraud" type="Totals" total="50542"/><CrimeCategory name="Violence against the person" Type="Other crimes against society" total="7822"><Crime name="Homicide">10</Crime><Crime name="Violence with injury">4080</Crime><Crime name="Violence without injury">3732</Crime></CrimeCategory><CrimeCategory name="Sexual offences" Type="Other crimes against society" total="691"/><CrimeCategory name="Robbery" Type="Other crimes against society" total="439"/><CrimeCategory name="Theft offences" Type="Other crimes against society" total="25608"><Crime name="Burglary">5648</Crime><Crime name="Domestic burglary">2900</Crime><Crime name="Non-domestic burglary">2748</Crime><Crime name="Vehicle offences">5537</Crime><Crime name="Theft from the person">1336</Crime><Crime name="Bicycle theft">1174</Crime><Crime name="Shoplifting">5409</Crime><Crime name="All other theft offences">6504</Crime></CrimeCategory><CrimeCategory name="Criminal damage and arson" Type="Other crimes against society" total="8054"/><CrimeCategory name="Drug offences" Type="Other crimes against society" total="4785"/><CrimeCategory name="Possession of weapons offences" Type="Other crimes against society" total="293"/><CrimeCategory name="Public order offences" Type="Other crimes against society" total="2062"/><CrimeCategory name="Miscellaneous crimes against society" Type="Other crimes against society" total="788"/><CrimeCategory name="Fraud" Type="Other crimes against society" total="1326"/></Area><Area name="norfolk" proper_name="Norfolk"><CrimeCatagory name="Total recorded crime - including fraud" type="Totals" total="37996"/><CrimeCatagory name="Total recorded crime - excluding fraud" type="Totals" total="37493"/><CrimeCategory name="Violence against the person" Type="Other crimes against society" total="8034"><Crime name="Homicide">5</Crime><Crime name="Violence with injury">3875</Crime><Crime name="Violence without injury">4154</Crime></CrimeCategory><CrimeCategory name="Sexual offences" Type="Other crimes against society" total="776"/><CrimeCategory name="Robbery" Type="Other crimes against society" total="164"/><CrimeCategory name="Theft offences" Type="Other crimes against society" total="17058"><Crime name="Burglary">3779</Crime><Crime name="Domestic burglary">1383</Crime><Crime name="Non-domestic burglary">2396</Crime><Crime name="Vehicle offences">2774</Crime><Crime name="Theft from the person">376</Crime><Crime name="Bicycle theft">1241</Crime><Crime name="Shoplifting">3852</Crime><Crime name="All other theft offences">5036</Crime></CrimeCategory><CrimeCategory name="Criminal damage and arson" Type="Other crimes against society" total="6988"/><CrimeCategory name="Drug offences" Type="Other crimes against society" total="2413"/><CrimeCategory name="Possession of weapons offences" Type="Other crimes against society" total="212"/><CrimeCategory name="Public order offences" Type="Other crimes against society" total="1483"/><CrimeCategory name="Miscellaneous crimes against society" Type="Other crimes against society" total="365"/><CrimeCategory name="Fraud" Type="Other crimes against society" total="503"/></Area><Area name="suffolk" proper_name="Suffolk"><CrimeCatagory name="Total recorded crime - including fraud" type="Totals" total="39147"/><CrimeCatagory name="Total recorded crime - excluding fraud" type="Totals" total="38423"/><CrimeCategory name="Violence against the person" Type="Other crimes against society" total="7109"><Crime name="Homicide">8</Crime><Crime name="Violence with injury">3683</Crime><Crime name="Violence without injury">3418</Crime></CrimeCategory><CrimeCategory name="Sexual offences" Type="Other crimes against society" total="708"/><CrimeCategory name="Robbery" Type="Other crimes against society" total="226"/><CrimeCategory name="Theft offences" Type="Other crimes against society" total="18726"><Crime name="Burglary">4776</Crime><Crime name="Domestic burglary">1872</Crime><Crime name="Non-domestic burglary">2904</Crime><Crime name="Vehicle offences">3692</Crime><Crime name="Theft from the person">423</Crime><Crime name="Bicycle theft">1159</Crime><Crime name="Shoplifting">3721</Crime><Crime name="All other theft offences">4955</Crime></CrimeCategory><CrimeCategory name="Criminal damage and arson" Type="Other crimes against society" total="6844"/><CrimeCategory name="Drug offences" Type="Other crimes against society" total="1961"/><CrimeCategory name="Possession of weapons offences" Type="Other crimes against society" total="233"/><CrimeCategory name="Public order offences" Type="Other crimes against society" total="1945"/><CrimeCategory name="Miscellaneous crimes against society" Type="Other crimes against society" total="671"/><CrimeCategory name="Fraud" Type="Other crimes against society" total="724"/></Area></Region><Region name="london" proper_name="London"><Area name="london,_city_of" proper_name="London, City of"><CrimeCatagory name="Total recorded crime - including fraud" type="Totals" total="5552"/><CrimeCatagory name="Total recorded crime - excluding fraud" type="Totals" total="5522"/><CrimeCategory name="Violence against the person" Type="Other crimes against society" total="534"><Crime name="Homicide">0</Crime><Crime name="Violence with injury">298</Crime><Crime name="Violence without injury">236</Crime></CrimeCategory><CrimeCategory name="Sexual offences" Type="Other crimes against society" total="50"/><CrimeCategory name="Robbery" Type="Other crimes against society" total="48"/><CrimeCategory name="Theft offences" Type="Other crimes against society" total="3761"><Crime name="Burglary">341</Crime><Crime name="Domestic burglary">34</Crime><Crime name="Non-domestic burglary">307</Crime><Crime name="Vehicle offences">188</Crime><Crime name="Theft from the person">353</Crime><Crime name="Bicycle theft">326</Crime><Crime name="Shoplifting">584</Crime><Crime name="All other theft offences">1969</Crime></CrimeCategory><CrimeCategory name="Criminal damage and arson" Type="Other crimes against society" total="237"/><CrimeCategory name="Drug offences" Type="Other crimes against society" total="488"/><CrimeCategory name="Possession of weapons offences" Type="Other crimes against society" total="22"/><CrimeCategory name="Public order offences" Type="Other crimes against society" total="201"/><CrimeCategory name="Miscellaneous crimes against society" Type="Other crimes against society" total="181"/><CrimeCategory name="Fraud" Type="Other crimes against society" total="30"/></Area><Area name="metropolitan_police" proper_name="Metropolitan Police"><CrimeCatagory name="Total recorded crime - including fraud" type="Totals" total="744633"/><CrimeCatagory name="Total recorded crime - excluding fraud" type="Totals" total="717877"/><CrimeCategory name="Violence against the person" Type="Other crimes against society" total="123188"><Crime name="Homicide">99</Crime><Crime name="Violence with injury">56496</Crime><Crime name="Violence without injury">66593</Crime></CrimeCategory><CrimeCategory name="Sexual offences" Type="Other crimes against society" total="9905"/><CrimeCategory name="Robbery" Type="Other crimes against society" total="32714"/><CrimeCategory name="Theft offences" Type="Other crimes against society" total="406098"><Crime name="Burglary">90742</Crime><Crime name="Domestic burglary">59111</Crime><Crime name="Non-domestic burglary">31631</Crime><Crime name="Vehicle offences">92257</Crime><Crime name="Theft from the person">48904</Crime><Crime name="Bicycle theft">20160</Crime><Crime name="Shoplifting">36918</Crime><Crime name="All other theft offences">117117</Crime></CrimeCategory><CrimeCategory name="Criminal damage and arson" Type="Other crimes against society" total="57307"/><CrimeCategory name="Drug offences" Type="Other crimes against society" total="50775"/><CrimeCategory name="Possession of weapons offences" Type="Other crimes against society" total="3751"/><CrimeCategory name="Public order offences" Type="Other crimes against society" total="26429"/><CrimeCategory name="Miscellaneous crimes against society" Type="Other crimes against society" total="7710"/><CrimeCategory name="Fraud" Type="Other crimes against society" total="26756"/></Area></Region><Region name="south_east" proper_name="South East"><Area name="hampshire" proper_name="Hampshire"><CrimeCatagory name="Total recorded crime - including fraud" type="Totals" total="106100"/><CrimeCatagory name="Total recorded crime - excluding fraud" type="Totals" total="103977"/><CrimeCategory name="Violence against the person" Type="Other crimes against society" total="21314"><Crime name="Homicide">11</Crime><Crime name="Violence with injury">10879</Crime><Crime name="Violence without injury">10424</Crime></CrimeCategory><CrimeCategory name="Sexual offences" Type="Other crimes against society" total="1740"/><CrimeCategory name="Robbery" Type="Other crimes against society" total="694"/><CrimeCategory name="Theft offences" Type="Other crimes against society" total="49495"><Crime name="Burglary">10811</Crime><Crime name="Domestic burglary">3753</Crime><Crime name="Non-domestic burglary">7058</Crime><Crime name="Vehicle offences">8133</Crime><Crime name="Theft from the person">1769</Crime><Crime name="Bicycle theft">3794</Crime><Crime name="Shoplifting">11017</Crime><Crime name="All other theft offences">13971</Crime></CrimeCategory><CrimeCategory name="Criminal damage and arson" Type="Other crimes against society" total="18004"/><CrimeCategory name="Drug offences" Type="Other crimes against society" total="6582"/><CrimeCategory name="Possession of weapons offences" Type="Other crimes against society" total="524"/><CrimeCategory name="Public order offences" Type="Other crimes against society" total="4417"/><CrimeCategory name="Miscellaneous crimes against society" Type="Other crimes against society" total="1207"/><CrimeCategory name="Fraud" Type="Other crimes against society" total="2123"/></Area><Area name="kent" proper_name="Kent"><CrimeCatagory name="Total recorded crime - including fraud" type="Totals" total="100924"/><CrimeCatagory name="Total recorded crime - excluding fraud" type="Totals" total="99429"/><CrimeCategory name="Violence against the person" Type="Other crimes against society" total="19692"><Crime name="Homicide">10</Crime><Crime name="Violence with injury">10393</Crime><Crime name="Violence without injury">9289</Crime></CrimeCategory><CrimeCategory name="Sexual offences" Type="Other crimes against society" total="1588"/><CrimeCategory name="Robbery" Type="Other crimes against society" total="951"/><CrimeCategory name="Theft offences" Type="Other crimes against society" total="51287"><Crime name="Burglary">13977</Crime><Crime name="Domestic burglary">6557</Crime><Crime name="Non-domestic burglary">7420</Crime><Crime name="Vehicle offences">10535</Crime><Crime name="Theft from the person">848</Crime><Crime name="Bicycle theft">1651</Crime><Crime name="Shoplifting">10441</Crime><Crime name="All other theft offences">13835</Crime></CrimeCategory><CrimeCategory name="Criminal damage and arson" Type="Other crimes against society" total="17803"/><CrimeCategory name="Drug offences" Type="Other crimes against society" total="4167"/><CrimeCategory name="Possession of weapons offences" Type="Other crimes against society" total="428"/><CrimeCategory name="Public order offences" Type="Other crimes against society" total="2299"/><CrimeCategory name="Miscellaneous crimes against society" Type="Other crimes against society" total="1214"/><CrimeCategory name="Fraud" Type="Other crimes against society" total="1495"/></Area><Area name="surrey" proper_name="Surrey"><CrimeCatagory name="Total recorded crime - including fraud" type="Totals" total="52334"/><CrimeCatagory name="Total recorded crime - excluding fraud" type="Totals" total="50779"/><CrimeCategory name="Violence against the person" Type="Other crimes against society" total="8644"><Crime name="Homicide">4</Crime><Crime name="Violence with injury">2977</Crime><Crime name="Violence without injury">5663</Crime></CrimeCategory><CrimeCategory name="Sexual offences" Type="Other crimes against society" total="587"/><CrimeCategory name="Robbery" Type="Other crimes against society" total="239"/><CrimeCategory name="Theft offences" Type="Other crimes against society" total="25520"><Crime name="Burglary">7481</Crime><Crime name="Domestic burglary">3397</Crime><Crime name="Non-domestic burglary">4084</Crime><Crime name="Vehicle offences">5130</Crime><Crime name="Theft from the person">395</Crime><Crime name="Bicycle theft">1344</Crime><Crime name="Shoplifting">4033</Crime><Crime name="All other theft offences">7137</Crime></CrimeCategory><CrimeCategory name="Criminal damage and arson" Type="Other crimes against society" total="9109"/><CrimeCategory name="Drug offences" Type="Other crimes against society" total="3706"/><CrimeCategory name="Possession of weapons offences" Type="Other crimes against society" total="270"/><CrimeCategory name="Public order offences" Type="Other crimes against society" total="1773"/><CrimeCategory name="Miscellaneous crimes against society" Type="Other crimes against society" total="931"/><CrimeCategory name="Fraud" Type="Other crimes against society" total="1555"/></Area><Area name="sussex" proper_name="Sussex"><CrimeCatagory name="Total recorded crime - including fraud" type="Totals" total="87978"/><CrimeCatagory name="Total recorded crime - excluding fraud" type="Totals" total="86118"/><CrimeCategory name="Violence against the person" Type="Other crimes against society" total="14870"><Crime name="Homicide">12</Crime><Crime name="Violence with injury">6985</Crime><Crime name="Violence without injury">7873</Crime></CrimeCategory><CrimeCategory name="Sexual offences" Type="Other crimes against society" total="1593"/><CrimeCategory name="Robbery" Type="Other crimes against society" total="648"/><CrimeCategory name="Theft offences" Type="Other crimes against society" total="46180"><Crime name="Burglary">9607</Crime><Crime name="Domestic burglary">3846</Crime><Crime name="Non-domestic burglary">5761</Crime><Crime name="Vehicle offences">8231</Crime><Crime name="Theft from the person">3199</Crime><Crime name="Bicycle theft">2669</Crime><Crime name="Shoplifting">8351</Crime><Crime name="All other theft offences">14123</Crime></CrimeCategory><CrimeCategory name="Criminal damage and arson" Type="Other crimes against society" total="14015"/><CrimeCategory name="Drug offences" Type="Other crimes against society" total="4467"/><CrimeCategory name="Possession of weapons offences" Type="Other crimes against society" total="519"/><CrimeCategory name="Public order offences" Type="Other crimes against society" total="2628"/><CrimeCategory name="Miscellaneous crimes against society" Type="Other crimes against society" total="1198"/><CrimeCategory name="Fraud" Type="Other crimes against society" total="1860"/></Area><Area name="thames_valley" proper_name="Thames Valley"><CrimeCatagory name="Total recorded crime - including fraud" type="Totals" total="133260"/><CrimeCatagory name="Total recorded crime - excluding fraud" type="Totals" total="129025"/><CrimeCategory name="Violence against the person" Type="Other crimes against society" total="19574"><Crime name="Homicide">20</Crime><Crime name="Violence with injury">8425</Crime><Crime name="Violence without injury">11129</Crime></CrimeCategory><CrimeCategory name="Sexual offences" Type="Other crimes against society" total="2159"/><CrimeCategory name="Robbery" Type="Other crimes against society" total="1184"/><CrimeCategory name="Theft offences" Type="Other crimes against society" total="73547"><Crime name="Burglary">15909</Crime><Crime name="Domestic burglary">6805</Crime><Crime name="Non-domestic burglary">9104</Crime><Crime name="Vehicle offences">14856</Crime><Crime name="Theft from the person">3014</Crime><Crime name="Bicycle theft">5651</Crime><Crime name="Shoplifting">13905</Crime><Crime name="All other theft offences">20212</Crime></CrimeCategory><CrimeCategory name="Criminal damage and arson" Type="Other crimes against society" total="17941"/><CrimeCategory name="Drug offences" Type="Other crimes against society" total="6953"/><CrimeCategory name="Possession of weapons offences" Type="Other crimes against society" total="731"/><CrimeCategory name="Public order offences" Type="Other crimes against society" total="5290"/><CrimeCategory name="Miscellaneous crimes against society" Type="Other crimes against society" total="1646"/><CrimeCategory name="Fraud" Type="Other crimes against society" total="4235"/></Area></Region><Region name="south_west" proper_name="South West"><Area name="avon_and_somerset" proper_name="Avon and Somerset"><CrimeCatagory name="Total recorded crime - including fraud" type="Totals" total="97049"/><CrimeCatagory name="Total recorded crime - excluding fraud" type="Totals" total="95528"/><CrimeCategory name="Violence against the person" Type="Other crimes against society" total="15895"><Crime name="Homicide">13</Crime><Crime name="Violence with injury">8124</Crime><Crime name="Violence without injury">7758</Crime></CrimeCategory><CrimeCategory name="Sexual offences" Type="Other crimes against society" total="1534"/><CrimeCategory name="Robbery" Type="Other crimes against society" total="767"/><CrimeCategory name="Theft offences" Type="Other crimes against society" total="48160"><Crime name="Burglary">11231</Crime><Crime name="Domestic burglary">4889</Crime><Crime name="Non-domestic burglary">6342</Crime><Crime name="Vehicle offences">9239</Crime><Crime name="Theft from the person">1626</Crime><Crime name="Bicycle theft">2812</Crime><Crime name="Shoplifting">10636</Crime><Crime name="All other theft offences">12616</Crime></CrimeCategory><CrimeCategory name="Criminal damage and arson" Type="Other crimes against society" total="15725"/><CrimeCategory name="Drug offences" Type="Other crimes against society" total="6726"/><CrimeCategory name="Possession of weapons offences" Type="Other crimes against society" total="499"/><CrimeCategory name="Public order offences" Type="Other crimes against society" total="4964"/><CrimeCategory name="Miscellaneous crimes against society" Type="Other crimes against society" total="1258"/><CrimeCategory name="Fraud" Type="Other crimes against society" total="1521"/></Area><Area name="devon_and_cornwall" proper_name="Devon and Cornwall"><CrimeCatagory name="Total recorded crime - including fraud" type="Totals" total="84866"/><CrimeCatagory name="Total recorded crime - excluding fraud" type="Totals" total="83544"/><CrimeCategory name="Violence against the person" Type="Other crimes against society" total="19670"><Crime name="Homicide">10</Crime><Crime name="Violence with injury">10680</Crime><Crime name="Violence without injury">8980</Crime></CrimeCategory><CrimeCategory name="Sexual offences" Type="Other crimes against society" total="2009"/><CrimeCategory name="Robbery" Type="Other crimes against society" total="378"/><CrimeCategory name="Theft offences" Type="Other crimes against society" total="35192"><Crime name="Burglary">8030</Crime><Crime name="Domestic burglary">3334</Crime><Crime name="Non-domestic burglary">4696</Crime><Crime name="Vehicle offences">6139</Crime><Crime name="Theft from the person">1128</Crime><Crime name="Bicycle theft">1286</Crime><Crime name="Shoplifting">7311</Crime><Crime name="All other theft offences">11298</Crime></CrimeCategory><CrimeCategory name="Criminal damage and arson" Type="Other crimes against society" total="15025"/><CrimeCategory name="Drug offences" Type="Other crimes against society" total="4509"/><CrimeCategory name="Possession of weapons offences" Type="Other crimes against society" total="416"/><CrimeCategory name="Public order offences" Type="Other crimes against society" total="5390"/><CrimeCategory name="Miscellaneous crimes against society" Type="Other crimes against society" total="955"/><CrimeCategory name="Fraud" Type="Other crimes against society" total="1322"/></Area><Area name="dorset" proper_name="Dorset"><CrimeCatagory name="Total recorded crime - including fraud" type="Totals" total="39402"/><CrimeCatagory name="Total recorded crime - excluding fraud" type="Totals" total="38963"/><CrimeCategory name="Violence against the person" Type="Other crimes against society" total="6050"><Crime name="Homicide">5</Crime><Crime name="Violence with injury">3574</Crime><Crime name="Violence without injury">2471</Crime></CrimeCategory><CrimeCategory name="Sexual offences" Type="Other crimes against society" total="586"/><CrimeCategory name="Robbery" Type="Other crimes against society" total="198"/><CrimeCategory name="Theft offences" Type="Other crimes against society" total="22027"><Crime name="Burglary">5093</Crime><Crime name="Domestic burglary">1833</Crime><Crime name="Non-domestic burglary">3260</Crime><Crime name="Vehicle offences">4960</Crime><Crime name="Theft from the person">633</Crime><Crime name="Bicycle theft">1735</Crime><Crime name="Shoplifting">3722</Crime><Crime name="All other theft offences">5884</Crime></CrimeCategory><CrimeCategory name="Criminal damage and arson" Type="Other crimes against society" total="7111"/><CrimeCategory name="Drug offences" Type="Other crimes against society" total="1497"/><CrimeCategory name="Possession of weapons offences" Type="Other crimes against society" total="165"/><CrimeCategory name="Public order offences" Type="Other crimes against society" total="979"/><CrimeCategory name="Miscellaneous crimes against society" Type="Other crimes against society" total="350"/><CrimeCategory name="Fraud" Type="Other crimes against society" total="439"/></Area><Area name="gloucestershire" proper_name="Gloucestershire"><CrimeCatagory name="Total recorded crime - including fraud" type="Totals" total="30250"/><CrimeCatagory name="Total recorded crime - excluding fraud" type="Totals" total="29595"/><CrimeCategory name="Violence against the person" Type="Other crimes against society" total="4360"><Crime name="Homicide">1</Crime><Crime name="Violence with injury">2599</Crime><Crime name="Violence without injury">1760</Crime></CrimeCategory><CrimeCategory name="Sexual offences" Type="Other crimes against society" total="522"/><CrimeCategory name="Robbery" Type="Other crimes against society" total="231"/><CrimeCategory name="Theft offences" Type="Other crimes against society" total="16754"><Crime name="Burglary">4701</Crime><Crime name="Domestic burglary">2192</Crime><Crime name="Non-domestic burglary">2509</Crime><Crime name="Vehicle offences">3061</Crime><Crime name="Theft from the person">366</Crime><Crime name="Bicycle theft">1102</Crime><Crime name="Shoplifting">3261</Crime><Crime name="All other theft offences">4263</Crime></CrimeCategory><CrimeCategory name="Criminal damage and arson" Type="Other crimes against society" total="4854"/><CrimeCategory name="Drug offences" Type="Other crimes against society" total="1646"/><CrimeCategory name="Possession of weapons offences" Type="Other crimes against society" total="134"/><CrimeCategory name="Public order offences" Type="Other crimes against society" total="713"/><CrimeCategory name="Miscellaneous crimes against society" Type="Other crimes against society" total="381"/><CrimeCategory name="Fraud" Type="Other crimes against society" total="655"/></Area><Area name="wiltshire" proper_name="Wiltshire"><CrimeCatagory name="Total recorded crime - including fraud" type="Totals" total="33363"/><CrimeCatagory name="Total recorded crime - excluding fraud" type="Totals" total="32587"/><CrimeCategory name="Violence against the person" Type="Other crimes against society" total="6144"><Crime name="Homicide">9</Crime><Crime name="Violence with injury">3421</Crime><Crime name="Violence without injury">2714</Crime></CrimeCategory><CrimeCategory name="Sexual offences" Type="Other crimes against society" total="644"/><CrimeCategory name="Robbery" Type="Other crimes against society" total="129"/><CrimeCategory name="Theft offences" Type="Other crimes against society" total="16776"><Crime name="Burglary">4331</Crime><Crime name="Domestic burglary">1265</Crime><Crime name="Non-domestic burglary">3066</Crime><Crime name="Vehicle offences">3348</Crime><Crime name="Theft from the person">402</Crime><Crime name="Bicycle theft">755</Crime><Crime name="Shoplifting">3208</Crime><Crime name="All other theft offences">4732</Crime></CrimeCategory><CrimeCategory name="Criminal damage and arson" Type="Other crimes against society" total="5994"/><CrimeCategory name="Drug offences" Type="Other crimes against society" total="1624"/><CrimeCategory name="Possession of weapons offences" Type="Other crimes against society" total="136"/><CrimeCategory name="Public order offences" Type="Other crimes against society" total="892"/><CrimeCategory name="Miscellaneous crimes against society" Type="Other crimes against society" total="248"/><CrimeCategory name="Fraud" Type="Other crimes against society" total="776"/></Area></Region></Country><Country name="WALES" proper_name="Wales"><Region name="wales" proper_name="Wales"><Area name="gwent" proper_name="Gwent"><CrimeCatagory name="Total recorded crime - including fraud" type="Totals" total="34595"/><CrimeCatagory name="Total recorded crime - excluding fraud" type="Totals" total="34328"/><CrimeCategory name="Violence against the person" Type="Other crimes against society" total="6301"><Crime name="Homicide">5</Crime><Crime name="Violence with injury">3480</Crime><Crime name="Violence without injury">2816</Crime></CrimeCategory><CrimeCategory name="Sexual offences" Type="Other crimes against society" total="504"/><CrimeCategory name="Robbery" Type="Other crimes against society" total="178"/><CrimeCategory name="Theft offences" Type="Other crimes against society" total="16711"><Crime name="Burglary">4646</Crime><Crime name="Domestic burglary">1775</Crime><Crime name="Non-domestic burglary">2871</Crime><Crime name="Vehicle offences">3654</Crime><Crime name="Theft from the person">155</Crime><Crime name="Bicycle theft">440</Crime><Crime name="Shoplifting">3310</Crime><Crime name="All other theft offences">4506</Crime></CrimeCategory><CrimeCategory name="Criminal damage and arson" Type="Other crimes against society" total="6374"/><CrimeCategory name="Drug offences" Type="Other crimes against society" total="2319"/><CrimeCategory name="Possession of weapons offences" Type="Other crimes against society" total="176"/><CrimeCategory name="Public order offences" Type="Other crimes against society" total="1347"/><CrimeCategory name="Miscellaneous crimes against society" Type="Other crimes against society" total="418"/><CrimeCategory name="Fraud" Type="Other crimes against society" total="267"/></Area><Area name="north_wales" proper_name="North Wales"><CrimeCatagory name="Total recorded crime - including fraud" type="Totals" total="36584"/><CrimeCatagory name="Total recorded crime - excluding fraud" type="Totals" total="36232"/><CrimeCategory name="Violence against the person" Type="Other crimes against society" total="7924"><Crime name="Homicide">11</Crime><Crime name="Violence with injury">4076</Crime><Crime name="Violence without injury">3837</Crime></CrimeCategory><CrimeCategory name="Sexual offences" Type="Other crimes against society" total="858"/><CrimeCategory name="Robbery" Type="Other crimes against society" total="135"/><CrimeCategory name="Theft offences" Type="Other crimes against society" total="16033"><Crime name="Burglary">4635</Crime><Crime name="Domestic burglary">1614</Crime><Crime name="Non-domestic burglary">3021</Crime><Crime name="Vehicle offences">2496</Crime><Crime name="Theft from the person">197</Crime><Crime name="Bicycle theft">597</Crime><Crime name="Shoplifting">3566</Crime><Crime name="All other theft offences">4542</Crime></CrimeCategory><CrimeCategory name="Criminal damage and arson" Type="Other crimes against society" total="7229"/><CrimeCategory name="Drug offences" Type="Other crimes against society" total="1717"/><CrimeCategory name="Possession of weapons offences" Type="Other crimes against society" total="170"/><CrimeCategory name="Public order offences" Type="Other crimes against society" total="1727"/><CrimeCategory name="Miscellaneous crimes against society" Type="Other crimes against society" total="439"/><CrimeCategory name="Fraud" Type="Other crimes against society" total="352"/></Area><Area name="south_wales" proper_name="South Wales"><CrimeCatagory name="Total recorded crime - including fraud" type="Totals" total="83532"/><CrimeCatagory name="Total recorded crime - excluding fraud" type="Totals" total="82089"/><CrimeCategory name="Violence against the person" Type="Other crimes against society" total="13606"><Crime name="Homicide">10</Crime><Crime name="Violence with injury">8563</Crime><Crime name="Violence without injury">5033</Crime></CrimeCategory><CrimeCategory name="Sexual offences" Type="Other crimes against society" total="1198"/><CrimeCategory name="Robbery" Type="Other crimes against society" total="396"/><CrimeCategory name="Theft offences" Type="Other crimes against society" total="42059"><Crime name="Burglary">9130</Crime><Crime name="Domestic burglary">3956</Crime><Crime name="Non-domestic burglary">5174</Crime><Crime name="Vehicle offences">10208</Crime><Crime name="Theft from the person">2056</Crime><Crime name="Bicycle theft">1751</Crime><Crime name="Shoplifting">7857</Crime><Crime name="All other theft offences">11057</Crime></CrimeCategory><CrimeCategory name="Criminal damage and arson" Type="Other crimes against society" total="14271"/><CrimeCategory name="Drug offences" Type="Other crimes against society" total="5263"/><CrimeCategory name="Possession of weapons offences" Type="Other crimes against society" total="463"/><CrimeCategory name="Public order offences" Type="Other crimes against society" total="3889"/><CrimeCategory name="Miscellaneous crimes against society" Type="Other crimes against society" total="944"/><CrimeCategory name="Fraud" Type="Other crimes against society" total="1443"/></Area></Region></Country><FurtherStatistics name="british_transport_police" proper_name="British Transport Police"><CrimeCatagory name="Total recorded crime - including fraud" type="Totals" total="51970"/><CrimeCatagory name="Total recorded crime - excluding fraud" type="Totals" total="51570"/><CrimeCatagory name="Violence against the person" total="6151" type="Victim-based crime"><Crime name="Homicide">3</Crime><Crime name="Violence with injury">2093</Crime><Crime name="Violence without injury">4055</Crime></CrimeCatagory><CrimeCatagory name="Sexual offences" total="641" type="Victim-based crime"/><CrimeCatagory name="Robbery" total="505" type="Victim-based crime"/><CrimeCatagory name="Theft offences" total="28102" type="Victim-based crime"><Crime name="Burglary">529</Crime><Crime name="Domestic burglary">2</Crime><Crime name="Non-domestic burglary">527</Crime><Crime name="Vehicle offences">1526</Crime><Crime name="Theft from the person">9116</Crime><Crime name="Bicycle theft">5093</Crime><Crime name="Shoplifting">1853</Crime><Crime name="All other theft offences">9985</Crime></CrimeCatagory><CrimeCatagory name="Criminal damage and arson" total="4761" type="Victim-based crime"/><CrimeCatagory name="Drug offences" total="3614" type="Other crimes against society"/><CrimeCatagory name="Possession of weapons offences" total="363" type="Other crimes against society"/><CrimeCatagory name="Public order offences" total="6521" type="Other crimes against society"/><CrimeCatagory name="Miscellaneous crimes against society" total="912" type="Other crimes against society"/><CrimeCatagory name="Fraud" total="400" type="Other crimes against society"/></FurtherStatistics><FurtherStatistics name="action_fraud" proper_name="Action Fraud"><CrimeCatagory name="Total recorded crime - including fraud" type="Totals" total="150389"/><CrimeCatagory name="Fraud" total="150389" type="Other crimes against society"/></FurtherStatistics></CrimeStats>
