<?xml version="1.0"?>
<Config><CrimeAbriviations><Crime name="Violence against the person" abrivated="vatp" crimecatagory="Violence against the person" type="Victim-based crime" iscrimecatagory="true"/><Crime name="Homicide" abrivated="hom" crimecatagory="Violence against the person" type="Victim-based crime" iscrimecatagory="false"/><Crime name="Violence with injury" abrivated="vwi" crimecatagory="Violence against the person" type="Victim-based crime" iscrimecatagory="false"/><Crime name="Violence without injury" abrivated="vwoi" crimecatagory="Violence against the person" type="Victim-based crime" iscrimecatagory="false"/><Crime name="Sexual offences" abrivated="so" crimecatagory="Sexual offences" type="Victim-based crime" iscrimecatagory="true"/><Crime name="Robbery" abrivated="rob" crimecatagory="Robbery" type="Victim-based crime" iscrimecatagory="true"/><Crime name="Theft offences" abrivated="to" crimecatagory="Theft offences" type="Victim-based crime" iscrimecatagory="true"/><Crime name="Burglary" abrivated="bur" crimecatagory="Theft offences" type="Victim-based crime" iscrimecatagory="false"/><Crime name="Domestic burglary" abrivated="db" crimecatagory="Theft offences" type="Victim-based crime" iscrimecatagory="false"/><Crime name="Non-domestic burglary" abrivated="nb" crimecatagory="Theft offences" type="Victim-based crime" iscrimecatagory="false"/><Crime name="Vehicle offences" abrivated="vo" crimecatagory="Theft offences" type="Victim-based crime" iscrimecatagory="false"/><Crime name="Theft from the person" abrivated="tftp" crimecatagory="Theft offences" type="Victim-based crime" iscrimecatagory="false"/><Crime name="Bicycle theft" abrivated="bt" crimecatagory="Theft offences" type="Victim-based crime" iscrimecatagory="false"/><Crime name="Shoplifting" abrivated="sho" crimecatagory="Theft offences" type="Victim-based crime" iscrimecatagory="false"/><Crime name="All other theft offences" abrivated="aoto" crimecatagory="Theft offences" type="Victim-based crime" iscrimecatagory="false"/><Crime name="Criminal damage and arson" abrivated="cdaa" crimecatagory="Criminal damage and arson" type="Victim-based crime" iscrimecatagory="true"/><Crime name="Drug offences" abrivated="do" crimecatagory="Drug offences" type="Other crimes against society" iscrimecatagory="true"/><Crime name="Possession of weapons offences" abrivated="powo" crimecatagory="Possession of weapons offences" type="Other crimes against society" iscrimecatagory="true"/><Crime name="Public order offences" abrivated="poo" crimecatagory="Public order offences" type="Other crimes against society" iscrimecatagory="true"/><Crime name="Miscellaneous crimes against society" abrivated="mcas" crimecatagory="Miscellaneous crimes against society" type="Other crimes against society" iscrimecatagory="true"/><Crime name="Fraud" abrivated="fra" crimecatagory="Fraud" type="Other crimes against society" iscrimecatagory="true"/></CrimeAbriviations><crime_data><stored_xml_location>../Data/CrimeStats.xml</stored_xml_location></crime_data><cache_data_location><stored_cache_location>../Cache/CacheData/</stored_cache_location></cache_data_location></Config>
