<?xml version="1.0"?>
<response timestamp="1393504410"><crimes year="6-2013"><region id="North East" total="138982"/><region id="North West" total="444423"/><region id="Yorkshire and Humber" total="356370"/><region id="East Midlands" total="261294"/><region id="West Midlands" total="318640"/><region id="East of England" total="309296"/><region id="London" total="750185"/><region id="South East" total="480596"/><region id="South West" total="284930"/><national id="British Transport Police" total="51970"/><national id="Action Fraud" total="150389"/><england total="3344716"/><wales total="154711"/></crimes></response>
