{
    "response": {
        "timestamp": 1393504534,
        "crimes": {
            "year": "6-2013",
            "region": {
                "id": "North East",
                "total": 138982,
                "areas": [
                    {
                        "id": "Cleveland",
                        "total": 39522
                    },
                    {
                        "id": "Durham",
                        "total": 29974
                    },
                    {
                        "id": "Northumbria",
                        "total": 69486
                    }
                ]
            }
        }
    }
}